buy_orange,buy_light_blue,buy_stations,buy_utilities,max_development_level,unspendable_cash,trade_max_diff_absolute,roi,win,props,houses,hotels,turns
True,True,True,True,3,0,0,0.0,0,0,0,0,50
True,True,True,True,3,0,0,8.399333333333333,1,9,0,0,201
True,True,True,True,3,0,0,0.0,0,0,0,0,52
True,True,True,True,3,0,0,5.696666666666666,0,6,0,0,297
True,True,True,True,3,0,0,7.616666666666666,1,27,24,0,60
True,True,True,True,3,0,100,10.517333333333333,0,7,0,0,463
True,True,True,True,3,0,100,10.702,0,7,0,0,763
True,True,True,True,3,0,100,0.0,0,0,0,0,64
True,True,True,True,3,0,100,4.303333333333334,0,5,0,0,555
True,True,True,True,3,0,100,0.0,0,0,0,0,68
True,True,True,True,3,0,200,0.0,0,0,0,0,57
True,True,True,True,3,0,200,0.0,0,0,0,0,77
True,True,True,True,3,0,200,4.133333333333334,0,5,0,0,165
True,True,True,True,3,0,200,68.70733333333334,1,9,0,0,921
True,True,True,True,3,0,200,9.766666666666667,1,28,12,0,99
True,True,True,True,3,100,0,11.311333333333334,1,28,9,0,172
True,True,True,True,3,100,0,0.0,0,0,0,0,63
True,True,True,True,3,100,0,0.0,0,0,0,0,37
True,True,True,True,3,100,0,0.0,0,0,0,0,50
True,True,True,True,3,100,0,0.0,0,0,0,0,43
True,True,True,True,3,100,100,0.0,0,0,0,0,52
True,True,True,True,3,100,100,0.0,0,0,0,0,63
True,True,True,True,3,100,100,0.0,0,0,0,0,76
True,True,True,True,3,100,100,0.0,0,0,0,0,57
True,True,True,True,3,100,100,0.0,0,0,0,0,75
True,True,True,True,3,100,200,4.766,0,8,0,0,198
True,True,True,True,3,100,200,0.0,0,0,0,0,106
True,True,True,True,3,100,200,0.0,0,0,0,0,62
True,True,True,True,3,100,200,5.09,1,7,0,0,156
True,True,True,True,3,100,200,0.0,0,0,0,0,75
True,True,True,True,3,200,0,0.0,0,0,0,0,122
True,True,True,True,3,200,0,10.427333333333333,1,28,24,0,87
True,True,True,True,3,200,0,58.345333333333336,1,6,9,0,1000
True,True,True,True,3,200,0,0.0,0,0,0,0,68
True,True,True,True,3,200,0,0.0,0,0,0,0,71
True,True,True,True,3,200,100,0.0,0,0,0,0,94
True,True,True,True,3,200,100,0.0,0,0,0,0,71
True,True,True,True,3,200,100,0.0,0,0,0,0,58
True,True,True,True,3,200,100,0.0,0,0,0,0,62
True,True,True,True,3,200,100,47.525333333333336,1,14,9,0,1000
True,True,True,True,3,200,200,10.320666666666666,1,28,16,0,96
True,True,True,True,3,200,200,0.0,0,0,0,0,45
True,True,True,True,3,200,200,4.148666666666666,0,6,0,0,191
True,True,True,True,3,200,200,4.739333333333334,0,7,0,0,206
True,True,True,True,3,200,200,0.0,0,0,0,0,28
True,True,True,True,5,0,0,7.972,1,24,20,0,76
True,True,True,True,5,0,0,0.0,0,0,0,0,31
True,True,True,True,5,0,0,5.530666666666667,0,6,0,0,185
True,True,True,True,5,0,0,5.3613333333333335,1,27,15,0,52
True,True,True,True,5,0,0,0.0,0,0,0,0,95
True,True,True,True,5,0,100,0.0,0,0,0,0,45
True,True,True,True,5,0,100,5.009333333333333,0,6,0,0,203
True,True,True,True,5,0,100,7.171333333333333,1,8,0,0,185
True,True,True,True,5,0,100,7.1353333333333335,1,8,6,0,192
True,True,True,True,5,0,100,0.0,0,0,0,0,102
True,True,True,True,5,0,200,0.0,0,0,0,0,51
True,True,True,True,5,0,200,6.016666666666667,0,10,0,0,176
True,True,True,True,5,0,200,0.0,0,0,0,0,58
True,True,True,True,5,0,200,0.0,0,0,0,0,90
True,True,True,True,5,0,200,0.0,0,0,0,0,55
True,True,True,True,5,100,0,0.0,0,0,0,0,27
True,True,True,True,5,100,0,0.0,0,0,0,0,37
True,True,True,True,5,100,0,5.2973333333333334,0,6,0,0,193
True,True,True,True,5,100,0,0.0,0,0,0,0,52
True,True,True,True,5,100,0,6.855333333333333,1,24,15,0,66
True,True,True,True,5,100,100,0.0,0,0,0,0,71
True,True,True,True,5,100,100,0.0,0,0,0,0,67
True,True,True,True,5,100,100,0.0,0,0,0,0,137
True,True,True,True,5,100,100,0.0,0,0,0,0,203
True,True,True,True,5,100,100,0.0,0,0,0,0,54
True,True,True,True,5,100,200,4.504666666666667,0,5,0,0,188
True,True,True,True,5,100,200,7.978666666666666,1,28,15,0,72
True,True,True,True,5,100,200,0.0,0,0,0,0,50
True,True,True,True,5,100,200,0.0,0,0,0,0,42
True,True,True,True,5,100,200,0.0,0,0,0,0,67
True,True,True,True,5,200,0,0.0,0,0,0,0,93
True,True,True,True,5,200,0,0.0,0,0,0,0,51
True,True,True,True,5,200,0,5.078666666666667,0,5,0,0,813
True,True,True,True,5,200,0,4.243333333333333,0,7,0,0,214
True,True,True,True,5,200,0,0.0,0,0,0,0,39
True,True,True,True,5,200,100,6.17,1,27,27,0,38
True,True,True,True,5,200,100,7.4366666666666665,1,28,25,0,49
True,True,True,True,5,200,100,0.0,0,0,0,0,63
True,True,True,True,5,200,100,4.367333333333334,0,6,0,0,204
True,True,True,True,5,200,100,0.0,0,0,0,0,76
True,True,True,True,5,200,200,0.0,0,0,0,0,55
True,True,True,True,5,200,200,9.9,1,28,18,0,86
True,True,True,True,5,200,200,10.203333333333333,1,28,19,0,90
True,True,True,True,5,200,200,0.0,0,0,0,0,209
True,True,True,True,5,200,200,12.062666666666667,1,20,15,0,316
True,True,True,False,3,0,0,0.0,0,0,0,0,76
True,True,True,False,3,0,0,0.0,0,0,0,0,36
True,True,True,False,3,0,0,5.032666666666667,0,6,0,0,188
True,True,True,False,3,0,0,0.0,0,0,0,0,31
True,True,True,False,3,0,0,4.147333333333333,0,6,0,0,635
True,True,True,False,3,0,100,0.0,0,0,0,0,81
True,True,True,False,3,0,100,5.026666666666666,1,7,0,0,147
True,True,True,False,3,0,100,0.0,0,0,0,0,67
True,True,True,False,3,0,100,0.0,0,0,0,0,64
True,True,True,False,3,0,100,0.0,0,0,0,0,153
True,True,True,False,3,0,200,0.0,0,0,0,0,54
True,True,True,False,3,0,200,0.0,0,0,0,0,92
True,True,True,False,3,0,200,7.228,1,17,12,0,138
True,True,True,False,3,0,200,0.0,0,0,0,0,61
True,True,True,False,3,0,200,0.0,0,0,0,0,75
True,True,True,False,3,100,0,0.0,0,0,0,0,52
True,True,True,False,3,100,0,5.322666666666667,0,9,0,0,179
True,True,True,False,3,100,0,0.0,0,0,0,0,87
True,True,True,False,3,100,0,4.002666666666666,0,5,0,0,225
True,True,True,False,3,100,0,0.0,0,0,0,0,111
True,True,True,False,3,100,100,0.0,0,0,0,0,38
True,True,True,False,3,100,100,0.0,0,0,0,0,172
True,True,True,False,3,100,100,5.294,0,8,0,0,204
True,True,True,False,3,100,100,0.0,0,0,0,0,50
True,True,True,False,3,100,100,0.0,0,0,0,0,80
True,True,True,False,3,100,200,0.0,0,0,0,0,48
True,True,True,False,3,100,200,4.416,0,7,0,0,206
True,True,True,False,3,100,200,8.289333333333333,1,25,17,0,81
True,True,True,False,3,100,200,7.100666666666666,1,27,18,0,54
True,True,True,False,3,100,200,10.160666666666666,1,8,0,0,230
True,True,True,False,3,200,0,0.0,0,0,0,0,68
True,True,True,False,3,200,0,0.0,0,0,0,0,62
True,True,True,False,3,200,0,0.0,0,0,0,0,50
True,True,True,False,3,200,0,0.0,0,0,0,0,35
True,True,True,False,3,200,0,0.0,0,0,0,0,48
True,True,True,False,3,200,100,0.0,0,0,0,0,59
True,True,True,False,3,200,100,5.552,0,8,0,0,216
True,True,True,False,3,200,100,5.490666666666667,0,8,0,0,190
True,True,True,False,3,200,100,6.262666666666667,1,8,0,0,183
True,True,True,False,3,200,100,6.203333333333333,1,25,18,0,45
True,True,True,False,3,200,200,5.156,0,8,0,0,196
True,True,True,False,3,200,200,0.0,0,0,0,0,43
True,True,True,False,3,200,200,0.0,0,0,0,0,66
True,True,True,False,3,200,200,4.330666666666667,0,6,0,0,157
True,True,True,False,3,200,200,5.226666666666667,0,9,0,0,275
True,True,True,False,5,0,0,4.408,0,7,0,0,169
True,True,True,False,5,0,0,0.0,0,0,0,0,114
True,True,True,False,5,0,0,0.0,0,0,0,0,44
True,True,True,False,5,0,0,0.0,0,0,0,0,84
True,True,True,False,5,0,0,0.0,0,0,0,0,45
True,True,True,False,5,0,100,0.0,0,0,0,0,128
True,True,True,False,5,0,100,0.0,0,0,0,0,58
True,True,True,False,5,0,100,5.8453333333333335,0,7,0,0,241
True,True,True,False,5,0,100,0.0,0,0,0,0,46
True,True,True,False,5,0,100,0.0,0,0,0,0,40
True,True,True,False,5,0,200,0.0,0,0,0,0,62
True,True,True,False,5,0,200,7.782,1,26,18,0,83
True,True,True,False,5,0,200,8.19,1,28,19,0,74
True,True,True,False,5,0,200,4.484666666666667,0,7,0,0,167
True,True,True,False,5,0,200,4.882666666666666,0,7,0,0,164
True,True,True,False,5,100,0,8.195333333333334,1,28,9,0,98
True,True,True,False,5,100,0,0.0,0,0,0,0,43
True,True,True,False,5,100,0,5.714666666666667,1,6,0,0,180
True,True,True,False,5,100,0,0.0,0,0,0,0,50
True,True,True,False,5,100,0,0.0,0,0,0,0,34
True,True,True,False,5,100,100,16.438,1,28,15,0,207
True,True,True,False,5,100,100,17.566,1,28,12,0,252
True,True,True,False,5,100,100,0.0,0,0,0,0,134
True,True,True,False,5,100,100,0.0,0,0,0,0,41
True,True,True,False,5,100,100,4.074666666666666,0,5,0,0,239
True,True,True,False,5,100,200,0.0,0,0,0,0,89
True,True,True,False,5,100,200,0.0,0,0,0,0,85
True,True,True,False,5,100,200,6.1706666666666665,1,28,23,0,39
True,True,True,False,5,100,200,0.0,0,0,0,0,73
True,True,True,False,5,100,200,8.254,1,28,15,0,56
True,True,True,False,5,200,0,7.831333333333333,1,28,16,0,93
True,True,True,False,5,200,0,4.881333333333333,1,7,0,0,172
True,True,True,False,5,200,0,0.0,0,0,0,0,66
True,True,True,False,5,200,0,4.169333333333333,0,6,0,0,362
True,True,True,False,5,200,0,0.0,0,0,0,0,63
True,True,True,False,5,200,100,0.0,0,0,0,0,106
True,True,True,False,5,200,100,4.735333333333333,0,8,0,0,244
True,True,True,False,5,200,100,4.608,0,5,0,0,218
True,True,True,False,5,200,100,0.0,0,0,0,0,57
True,True,True,False,5,200,100,6.424,1,5,0,0,197
True,True,True,False,5,200,200,0.0,0,0,0,0,99
True,True,True,False,5,200,200,8.567333333333334,1,28,18,0,71
True,True,True,False,5,200,200,4.390666666666666,0,7,0,0,273
True,True,True,False,5,200,200,15.901333333333334,0,8,0,0,551
True,True,True,False,5,200,200,0.0,0,0,0,0,48
True,True,False,True,3,0,0,0.0,0,0,0,0,36
True,True,False,True,3,0,0,0.0,0,0,0,0,38
True,True,False,True,3,0,0,0.0,0,0,0,0,49
True,True,False,True,3,0,0,7.145333333333333,1,28,15,0,72
True,True,False,True,3,0,0,7.206,1,8,6,0,196
True,True,False,True,3,0,100,0.0,0,0,0,0,65
True,True,False,True,3,0,100,0.0,0,0,0,0,86
True,True,False,True,3,0,100,0.0,0,0,0,0,82
True,True,False,True,3,0,100,0.0,0,0,0,0,41
True,True,False,True,3,0,100,4.153333333333333,0,4,0,0,557
True,True,False,True,3,0,200,0.0,0,0,0,0,103
True,True,False,True,3,0,200,0.0,0,0,0,0,40
True,True,False,True,3,0,200,0.0,0,0,0,0,63
True,True,False,True,3,0,200,0.0,0,0,0,0,221
True,True,False,True,3,0,200,6.447333333333333,1,8,0,0,182
True,True,False,True,3,100,0,0.0,0,0,0,0,44
True,True,False,True,3,100,0,0.0,0,0,0,0,50
True,True,False,True,3,100,0,0.0,0,0,0,0,56
True,True,False,True,3,100,0,4.588666666666667,0,7,0,0,183
True,True,False,True,3,100,0,4.254,0,6,0,0,234
True,True,False,True,3,100,100,5.343333333333334,0,6,0,0,351
True,True,False,True,3,100,100,4.375333333333334,0,7,0,0,303
True,True,False,True,3,100,100,0.0,0,0,0,0,54
True,True,False,True,3,100,100,4.374666666666666,0,6,0,0,371
True,True,False,True,3,100,100,0.0,0,0,0,0,83
True,True,False,True,3,100,200,4.570666666666667,0,6,0,0,187
True,True,False,True,3,100,200,5.372,0,8,0,0,179
True,True,False,True,3,100,200,13.301333333333334,1,10,6,0,282
True,True,False,True,3,100,200,0.0,0,0,0,0,51
True,True,False,True,3,100,200,9.463333333333333,1,28,16,0,253
True,True,False,True,3,200,0,10.818,1,28,24,0,104
True,True,False,True,3,200,0,0.0,0,0,0,0,60
True,True,False,True,3,200,0,8.852666666666666,1,27,15,0,107
True,True,False,True,3,200,0,7.304,1,28,18,0,61
True,True,False,True,3,200,0,7.3373333333333335,1,28,12,0,68
True,True,False,True,3,200,100,0.0,0,0,0,0,70
True,True,False,True,3,200,100,9.917333333333334,0,7,0,0,490
True,True,False,True,3,200,100,6.336,1,28,17,0,78
True,True,False,True,3,200,100,0.0,0,0,0,0,61
True,True,False,True,3,200,100,4.89,0,6,0,0,171
True,True,False,True,3,200,200,6.650666666666667,1,7,0,0,198
True,True,False,True,3,200,200,5.826666666666667,0,6,0,0,194
True,True,False,True,3,200,200,5.697333333333333,0,7,0,0,198
True,True,False,True,3,200,200,0.0,0,0,0,0,73
True,True,False,True,3,200,200,6.726,1,28,15,0,44
True,True,False,True,5,0,0,5.468,0,9,0,0,200
True,True,False,True,5,0,0,5.752,0,7,0,0,454
True,True,False,True,5,0,0,0.0,0,0,0,0,54
True,True,False,True,5,0,0,0.0,0,0,0,0,36
True,True,False,True,5,0,0,0.0,0,0,0,0,47
True,True,False,True,5,0,100,0.0,0,0,0,0,96
True,True,False,True,5,0,100,6.934666666666667,1,10,0,0,174
True,True,False,True,5,0,100,7.503333333333333,1,28,15,0,53
True,True,False,True,5,0,100,4.676666666666667,0,7,0,0,158
True,True,False,True,5,0,100,0.0,0,0,0,0,78
True,True,False,True,5,0,200,0.0,0,0,0,0,62
True,True,False,True,5,0,200,0.0,0,0,0,0,65
True,True,False,True,5,0,200,4.983333333333333,0,7,0,0,199
True,True,False,True,5,0,200,5.58,0,6,0,0,358
True,True,False,True,5,0,200,0.0,0,0,0,0,63
True,True,False,True,5,100,0,4.544666666666667,0,7,0,0,245
True,True,False,True,5,100,0,0.0,0,0,0,0,98
True,True,False,True,5,100,0,0.0,0,0,0,0,41
True,True,False,True,5,100,0,0.0,0,0,0,0,37
True,True,False,True,5,100,0,0.0,0,0,0,0,105
True,True,False,True,5,100,100,0.0,0,0,0,0,75
True,True,False,True,5,100,100,4.423333333333333,0,7,0,0,165
True,True,False,True,5,100,100,0.0,0,0,0,0,104
True,True,False,True,5,100,100,10.032666666666668,1,19,18,0,130
True,True,False,True,5,100,100,6.868,0,10,6,0,187
True,True,False,True,5,100,200,0.0,0,0,0,0,68
True,True,False,True,5,100,200,0.0,0,0,0,0,54
True,True,False,True,5,100,200,0.0,0,0,0,0,66
True,True,False,True,5,100,200,0.0,0,0,0,0,42
True,True,False,True,5,100,200,0.0,0,0,0,0,49
True,True,False,True,5,200,0,0.0,0,0,0,0,52
True,True,False,True,5,200,0,0.0,0,0,0,0,34
True,True,False,True,5,200,0,17.810666666666666,1,12,6,0,330
True,True,False,True,5,200,0,4.564666666666667,0,6,0,0,198
True,True,False,True,5,200,0,0.0,0,0,0,0,53
True,True,False,True,5,200,100,0.0,0,0,0,0,74
True,True,False,True,5,200,100,0.0,0,0,0,0,46
True,True,False,True,5,200,100,8.461333333333334,1,26,15,0,74
True,True,False,True,5,200,100,0.0,0,0,0,0,57
True,True,False,True,5,200,100,0.0,0,0,0,0,79
True,True,False,True,5,200,200,0.0,0,0,0,0,48
True,True,False,True,5,200,200,0.0,0,0,0,0,79
True,True,False,True,5,200,200,4.018666666666666,0,5,0,0,237
True,True,False,True,5,200,200,0.0,0,0,0,0,83
True,True,False,True,5,200,200,0.0,0,0,0,0,202
True,True,False,False,3,0,0,0.0,0,0,0,0,60
True,True,False,False,3,0,0,8.217333333333332,1,28,26,0,94
True,True,False,False,3,0,0,7.360666666666667,0,9,0,0,220
True,True,False,False,3,0,0,33.852666666666664,1,10,9,0,597
True,True,False,False,3,0,0,0.0,0,0,0,0,131
True,True,False,False,3,0,100,0.0,0,0,0,0,78
True,True,False,False,3,0,100,0.0,0,0,0,0,108
True,True,False,False,3,0,100,6.241333333333333,1,12,9,0,57
True,True,False,False,3,0,100,9.872666666666667,1,8,0,0,223
True,True,False,False,3,0,100,0.0,0,0,0,0,64
True,True,False,False,3,0,200,0.0,0,0,0,0,75
True,True,False,False,3,0,200,4.304,0,7,0,0,182
True,True,False,False,3,0,200,0.0,0,0,0,0,104
True,True,False,False,3,0,200,0.0,0,0,0,0,64
True,True,False,False,3,0,200,0.0,0,0,0,0,48
True,True,False,False,3,100,0,0.0,0,0,0,0,54
True,True,False,False,3,100,0,0.0,0,0,0,0,66
True,True,False,False,3,100,0,0.0,0,0,0,0,83
True,True,False,False,3,100,0,0.0,0,0,0,0,47
True,True,False,False,3,100,0,6.226666666666667,1,27,15,0,38
True,True,False,False,3,100,100,5.400666666666667,0,8,0,0,389
True,True,False,False,3,100,100,0.0,0,0,0,0,65
True,True,False,False,3,100,100,0.0,0,0,0,0,56
True,True,False,False,3,100,100,17.014,1,28,23,0,261
True,True,False,False,3,100,100,0.0,0,0,0,0,54
True,True,False,False,3,100,200,4.391333333333334,0,8,0,0,164
True,True,False,False,3,100,200,4.59,0,9,0,0,235
True,True,False,False,3,100,200,0.0,0,0,0,0,43
True,True,False,False,3,100,200,0.0,0,0,0,0,56
True,True,False,False,3,100,200,0.0,0,0,0,0,49
True,True,False,False,3,200,0,4.293333333333333,0,7,0,0,180
True,True,False,False,3,200,0,0.0,0,0,0,0,60
True,True,False,False,3,200,0,0.0,0,0,0,0,48
True,True,False,False,3,200,0,0.0,0,0,0,0,47
True,True,False,False,3,200,0,0.0,0,0,0,0,108
True,True,False,False,3,200,100,0.0,0,0,0,0,75
True,True,False,False,3,200,100,7.52,0,6,0,0,941
True,True,False,False,3,200,100,0.0,0,0,0,0,43
True,True,False,False,3,200,100,0.0,0,0,0,0,57
True,True,False,False,3,200,100,0.0,0,0,0,0,47
True,True,False,False,3,200,200,0.0,0,0,0,0,42
True,True,False,False,3,200,200,21.362,0,7,0,0,696
True,True,False,False,3,200,200,6.979333333333333,0,8,0,0,238
True,True,False,False,3,200,200,9.779333333333334,0,8,0,0,491
True,True,False,False,3,200,200,0.0,0,0,0,0,51
True,True,False,False,5,0,0,0.0,0,0,0,0,118
True,True,False,False,5,0,0,0.0,0,0,0,0,38
True,True,False,False,5,0,0,48.9,1,13,9,0,719
True,True,False,False,5,0,0,0.0,0,0,0,0,38
True,True,False,False,5,0,0,0.0,0,0,0,0,73
True,True,False,False,5,0,100,9.141333333333334,1,28,15,0,92
True,True,False,False,5,0,100,0.0,0,0,0,0,92
True,True,False,False,5,0,100,5.354,0,7,0,0,217
True,True,False,False,5,0,100,0.0,0,0,0,0,75
True,True,False,False,5,0,100,5.3886666666666665,1,8,9,0,85
True,True,False,False,5,0,200,0.0,0,0,0,0,85
True,True,False,False,5,0,200,7.068666666666667,1,28,15,0,52
True,True,False,False,5,0,200,3.9266666666666667,0,4,0,0,175
True,True,False,False,5,0,200,5.180666666666666,0,9,0,0,177
True,True,False,False,5,0,200,0.0,0,0,0,0,80
True,True,False,False,5,100,0,0.0,0,0,0,0,56
True,True,False,False,5,100,0,0.0,0,0,0,0,83
True,True,False,False,5,100,0,0.0,0,0,0,0,53
True,True,False,False,5,100,0,0.0,0,0,0,0,56
True,True,False,False,5,100,0,4.208,0,6,0,0,172
True,True,False,False,5,100,100,0.0,0,0,0,0,79
True,True,False,False,5,100,100,0.0,0,0,0,0,72
True,True,False,False,5,100,100,10.777333333333333,1,28,20,0,91
True,True,False,False,5,100,100,6.676666666666667,1,27,12,0,45
True,True,False,False,5,100,100,0.0,0,0,0,0,54
True,True,False,False,5,100,200,0.0,0,0,0,0,90
True,True,False,False,5,100,200,0.0,0,0,0,0,55
True,True,False,False,5,100,200,0.0,0,0,0,0,117
True,True,False,False,5,100,200,0.0,0,0,0,0,42
True,True,False,False,5,100,200,19.534666666666666,1,28,18,0,264
True,True,False,False,5,200,0,6.116,0,7,0,0,388
True,True,False,False,5,200,0,0.0,0,0,0,0,107
True,True,False,False,5,200,0,0.0,0,0,0,0,74
True,True,False,False,5,200,0,7.695333333333333,1,28,18,0,65
True,True,False,False,5,200,0,0.0,0,0,0,0,132
True,True,False,False,5,200,100,0.0,0,0,0,0,105
True,True,False,False,5,200,100,6.128,0,5,0,0,490
True,True,False,False,5,200,100,0.0,0,0,0,0,57
True,True,False,False,5,200,100,0.0,0,0,0,0,53
True,True,False,False,5,200,100,7.3293333333333335,0,7,0,0,317
True,True,False,False,5,200,200,0.0,0,0,0,0,54
True,True,False,False,5,200,200,10.077333333333334,1,10,9,0,199
True,True,False,False,5,200,200,0.0,0,0,0,0,25
True,True,False,False,5,200,200,15.656,1,11,0,0,297
True,True,False,False,5,200,200,5.675333333333334,1,8,0,0,193
True,False,True,True,3,0,0,0.0,0,0,0,0,49
True,False,True,True,3,0,0,10.652666666666667,1,28,15,0,112
True,False,True,True,3,0,0,6.864,1,8,0,0,201
True,False,True,True,3,0,0,0.0,0,0,0,0,92
True,False,True,True,3,0,0,0.0,0,0,0,0,50
True,False,True,True,3,0,100,9.39,0,9,0,0,455
True,False,True,True,3,0,100,0.0,0,0,0,0,69
True,False,True,True,3,0,100,11.529333333333334,1,28,15,0,88
True,False,True,True,3,0,100,0.0,0,0,0,0,50
True,False,True,True,3,0,100,0.0,0,0,0,0,225
True,False,True,True,3,0,200,0.0,0,0,0,0,58
True,False,True,True,3,0,200,0.0,0,0,0,0,34
True,False,True,True,3,0,200,0.0,0,0,0,0,129
True,False,True,True,3,0,200,8.870666666666667,1,28,15,0,66
True,False,True,True,3,0,200,0.0,0,0,0,0,76
True,False,True,True,3,100,0,4.997333333333334,0,6,0,0,191
True,False,True,True,3,100,0,0.0,0,0,0,0,56
True,False,True,True,3,100,0,0.0,0,0,0,0,34
True,False,True,True,3,100,0,4.3133333333333335,0,7,0,0,191
True,False,True,True,3,100,0,0.0,0,0,0,0,95
True,False,True,True,3,100,100,0.0,0,0,0,0,47
True,False,True,True,3,100,100,8.877333333333333,1,28,24,0,79
True,False,True,True,3,100,100,4.441333333333334,0,7,0,0,528
True,False,True,True,3,100,100,8.154,1,28,12,0,78
True,False,True,True,3,100,100,5.773333333333333,1,7,0,0,189
True,False,True,True,3,100,200,0.0,0,0,0,0,71
True,False,True,True,3,100,200,11.13,1,28,16,0,107
True,False,True,True,3,100,200,4.546666666666667,0,8,0,0,149
True,False,True,True,3,100,200,12.779333333333334,1,28,16,0,151
True,False,True,True,3,100,200,0.0,0,0,0,0,74
True,False,True,True,3,200,0,4.225333333333333,0,6,0,0,279
True,False,True,True,3,200,0,4.101333333333334,0,5,0,0,713
True,False,True,True,3,200,0,0.0,0,0,0,0,70
True,False,True,True,3,200,0,0.0,0,0,0,0,57
True,False,True,True,3,200,0,0.0,0,0,0,0,74
True,False,True,True,3,200,100,0.0,0,0,0,0,57
True,False,True,True,3,200,100,0.0,0,0,0,0,46
True,False,True,True,3,200,100,0.0,0,0,0,0,26
True,False,True,True,3,200,100,0.016666666666666666,0,0,0,0,111
True,False,True,True,3,200,100,10.105333333333334,1,28,15,0,108
True,False,True,True,3,200,200,7.488666666666667,0,6,0,0,293
True,False,True,True,3,200,200,0.0,0,0,0,0,68
True,False,True,True,3,200,200,0.0,0,0,0,0,54
True,False,True,True,3,200,200,6.058666666666666,0,7,0,0,236
True,False,True,True,3,200,200,0.0,0,0,0,0,199
True,False,True,True,5,0,0,0.0,0,0,0,0,67
True,False,True,True,5,0,0,16.333333333333332,1,21,9,0,260
True,False,True,True,5,0,0,5.96,1,27,15,0,38
True,False,True,True,5,0,0,0.0,0,0,0,0,73
True,False,True,True,5,0,0,0.0,0,0,0,0,58
True,False,True,True,5,0,100,0.0,0,0,0,0,46
True,False,True,True,5,0,100,0.0,0,0,0,0,71
True,False,True,True,5,0,100,4.648,0,8,0,0,165
True,False,True,True,5,0,100,9.479333333333333,1,28,15,0,93
True,False,True,True,5,0,100,10.742666666666667,1,28,18,0,113
True,False,True,True,5,0,200,0.0,0,0,0,0,63
True,False,True,True,5,0,200,6.493333333333333,0,7,0,0,319
True,False,True,True,5,0,200,0.0,0,0,0,0,51
True,False,True,True,5,0,200,0.0,0,0,0,0,66
True,False,True,True,5,0,200,0.0,0,0,0,0,84
True,False,True,True,5,100,0,4.338666666666667,0,5,0,0,215
True,False,True,True,5,100,0,0.0,0,0,0,0,54
True,False,True,True,5,100,0,0.0,0,0,0,0,91
True,False,True,True,5,100,0,7.276,1,28,21,0,50
True,False,True,True,5,100,0,0.0,0,0,0,0,82
True,False,True,True,5,100,100,4.479333333333333,0,5,0,0,179
True,False,True,True,5,100,100,6.017333333333333,0,8,0,0,210
True,False,True,True,5,100,100,4.3533333333333335,0,6,0,0,436
True,False,True,True,5,100,100,6.572,1,26,27,0,46
True,False,True,True,5,100,100,0.0,0,0,0,0,111
True,False,True,True,5,100,200,4.388,0,7,0,0,349
True,False,True,True,5,100,200,8.498666666666667,1,28,24,0,59
True,False,True,True,5,100,200,7.789333333333333,1,28,24,0,61
True,False,True,True,5,100,200,0.0,0,0,0,0,74
True,False,True,True,5,100,200,5.182666666666667,0,6,0,0,205
True,False,True,True,5,200,0,0.0,0,0,0,0,84
True,False,True,True,5,200,0,8.821333333333333,1,9,6,0,262
True,False,True,True,5,200,0,0.0,0,0,0,0,68
True,False,True,True,5,200,0,0.0,0,0,0,0,44
True,False,True,True,5,200,0,4.597333333333333,0,5,0,0,186
True,False,True,True,5,200,100,0.0,0,0,0,0,47
True,False,True,True,5,200,100,4.258,0,5,0,0,206
True,False,True,True,5,200,100,0.0,0,0,0,0,62
True,False,True,True,5,200,100,6.964666666666667,1,27,24,0,47
True,False,True,True,5,200,100,10.312,1,28,15,0,161
True,False,True,True,5,200,200,0.0,0,0,0,0,34
True,False,True,True,5,200,200,0.0,0,0,0,0,48
True,False,True,True,5,200,200,6.652666666666667,0,6,0,0,348
True,False,True,True,5,200,200,0.0,0,0,0,0,82
True,False,True,True,5,200,200,0.0,0,0,0,0,64
True,False,True,False,3,0,0,0.0,0,0,0,0,62
True,False,True,False,3,0,0,0.0,0,0,0,0,63
True,False,True,False,3,0,0,0.0,0,0,0,0,78
True,False,True,False,3,0,0,0.0,0,0,0,0,101
True,False,True,False,3,0,0,8.696666666666667,1,28,12,0,83
True,False,True,False,3,0,100,8.719333333333333,1,28,25,0,72
True,False,True,False,3,0,100,5.698666666666667,1,7,0,0,188
True,False,True,False,3,0,100,0.0,0,0,0,0,48
True,False,True,False,3,0,100,6.636666666666667,1,21,6,0,43
True,False,True,False,3,0,100,0.0,0,0,0,0,46
True,False,True,False,3,0,200,0.0,0,0,0,0,47
True,False,True,False,3,0,200,5.1593333333333335,0,7,0,0,251
True,False,True,False,3,0,200,0.0,0,0,0,0,36
True,False,True,False,3,0,200,4.265333333333333,0,7,0,0,175
True,False,True,False,3,0,200,0.0,0,0,0,0,147
True,False,True,False,3,100,0,0.0,0,0,0,0,64
True,False,True,False,3,100,0,0.0,0,0,0,0,116
True,False,True,False,3,100,0,0.0,0,0,0,0,44
True,False,True,False,3,100,0,32.93666666666667,0,10,0,0,1000
True,False,True,False,3,100,0,3.240666666666667,0,4,0,0,1000
True,False,True,False,3,100,100,0.0,0,0,0,0,80
True,False,True,False,3,100,100,0.0,0,0,0,0,80
True,False,True,False,3,100,100,6.375333333333334,1,27,14,0,53
True,False,True,False,3,100,100,4.452,0,8,0,0,169
True,False,True,False,3,100,100,4.328,0,6,0,0,184
True,False,True,False,3,100,200,7.573333333333333,1,28,17,0,88
True,False,True,False,3,100,200,0.0,0,0,0,0,72
True,False,True,False,3,100,200,9.452,1,28,18,0,82
True,False,True,False,3,100,200,0.0,0,0,0,0,70
True,False,True,False,3,100,200,0.0,0,0,0,0,59
True,False,True,False,3,200,0,9.872666666666667,1,16,23,0,125
True,False,True,False,3,200,0,7.4446666666666665,1,8,0,0,220
True,False,True,False,3,200,0,0.0,0,0,0,0,40
True,False,True,False,3,200,0,0.0,0,0,0,0,79
True,False,True,False,3,200,0,8.948,1,12,0,0,236
True,False,True,False,3,200,100,7.8966666666666665,1,11,6,0,235
True,False,True,False,3,200,100,0.0,0,0,0,0,56
True,False,True,False,3,200,100,4.808666666666666,0,6,0,0,181
True,False,True,False,3,200,100,0.0,0,0,0,0,57
True,False,True,False,3,200,100,0.0,0,0,0,0,61
True,False,True,False,3,200,200,4.355333333333333,0,6,0,0,198
True,False,True,False,3,200,200,11.219333333333333,1,9,0,0,247
True,False,True,False,3,200,200,0.0,0,0,0,0,69
True,False,True,False,3,200,200,11.364,1,28,32,0,149
True,False,True,False,3,200,200,5.174,1,7,0,0,166
True,False,True,False,5,0,0,0.0,0,0,0,0,84
True,False,True,False,5,0,0,0.0,0,0,0,0,70
True,False,True,False,5,0,0,6.669333333333333,1,6,0,0,190
True,False,True,False,5,0,0,0.0,0,0,0,0,103
True,False,True,False,5,0,0,4.437333333333333,0,8,0,0,170
True,False,True,False,5,0,100,0.0,0,0,0,0,54
True,False,True,False,5,0,100,0.0,0,0,0,0,57
True,False,True,False,5,0,100,5.271333333333334,1,8,0,0,163
True,False,True,False,5,0,100,0.0,0,0,0,0,39
True,False,True,False,5,0,100,0.0,0,0,0,0,63
True,False,True,False,5,0,200,6.592666666666666,0,8,0,0,313
True,False,True,False,5,0,200,4.496,0,4,0,0,197
True,False,True,False,5,0,200,9.169333333333332,1,20,18,0,112
True,False,True,False,5,0,200,0.0,0,0,0,0,77
True,False,True,False,5,0,200,4.435333333333333,0,7,0,0,181
True,False,True,False,5,100,0,7.7973333333333334,0,7,6,0,255
True,False,True,False,5,100,0,4.462666666666666,0,4,0,0,393
True,False,True,False,5,100,0,47.684,1,23,9,0,648
True,False,True,False,5,100,0,0.0,0,0,0,0,54
True,False,True,False,5,100,0,0.0,0,0,0,0,68
True,False,True,False,5,100,100,0.0,0,0,0,0,61
True,False,True,False,5,100,100,4.308,0,8,0,0,158
True,False,True,False,5,100,100,0.0,0,0,0,0,59
True,False,True,False,5,100,100,0.0,0,0,0,0,48
True,False,True,False,5,100,100,0.0,0,0,0,0,50
True,False,True,False,5,100,200,0.0,0,0,0,0,71
True,False,True,False,5,100,200,9.504666666666667,1,26,18,0,110
True,False,True,False,5,100,200,0.0,0,0,0,0,65
True,False,True,False,5,100,200,4.891333333333334,0,6,0,0,208
True,False,True,False,5,100,200,0.0,0,0,0,0,77
True,False,True,False,5,200,0,6.954666666666666,1,27,18,0,55
True,False,True,False,5,200,0,5.129333333333333,0,7,0,0,171
True,False,True,False,5,200,0,0.0,0,0,0,0,93
True,False,True,False,5,200,0,7.609333333333334,1,28,17,0,61
True,False,True,False,5,200,0,4.473333333333334,0,7,0,0,203
True,False,True,False,5,200,100,0.0,0,0,0,0,77
True,False,True,False,5,200,100,5.503333333333333,1,10,0,0,180
True,False,True,False,5,200,100,0.0,0,0,0,0,89
True,False,True,False,5,200,100,0.0,0,0,0,0,57
True,False,True,False,5,200,100,5.959333333333333,1,26,23,0,36
True,False,True,False,5,200,200,5.716666666666667,0,7,0,0,273
True,False,True,False,5,200,200,0.0,0,0,0,0,60
True,False,True,False,5,200,200,0.0,0,0,0,0,45
True,False,True,False,5,200,200,0.0,0,0,0,0,96
True,False,True,False,5,200,200,0.0,0,0,0,0,91
True,False,False,True,3,0,0,0.0,0,0,0,0,49
True,False,False,True,3,0,0,0.0,0,0,0,0,73
True,False,False,True,3,0,0,0.0,0,0,0,0,36
True,False,False,True,3,0,0,5.244,1,9,0,0,163
True,False,False,True,3,0,0,0.0,0,0,0,0,62
True,False,False,True,3,0,100,0.0,0,0,0,0,67
True,False,False,True,3,0,100,0.0,0,0,0,0,48
True,False,False,True,3,0,100,5.862,1,8,0,0,187
True,False,False,True,3,0,100,0.0,0,0,0,0,50
True,False,False,True,3,0,100,0.0,0,0,0,0,56
True,False,False,True,3,0,200,5.806,0,4,0,0,378
True,False,False,True,3,0,200,0.0,0,0,0,0,75
True,False,False,True,3,0,200,19.689333333333334,1,28,21,0,190
True,False,False,True,3,0,200,0.0,0,0,0,0,66
True,False,False,True,3,0,200,9.09,1,26,18,0,80
True,False,False,True,3,100,0,0.0,0,0,0,0,94
True,False,False,True,3,100,0,4.8613333333333335,0,6,0,0,174
True,False,False,True,3,100,0,4.216666666666667,0,7,0,0,508
True,False,False,True,3,100,0,6.490666666666667,0,19,9,0,319
True,False,False,True,3,100,0,0.0,0,0,0,0,44
True,False,False,True,3,100,100,0.0,0,0,0,0,52
True,False,False,True,3,100,100,0.0,0,0,0,0,47
True,False,False,True,3,100,100,0.0,0,0,0,0,44
True,False,False,True,3,100,100,0.0,0,0,0,0,84
True,False,False,True,3,100,100,4.544,0,4,0,0,606
True,False,False,True,3,100,200,4.402666666666667,0,8,0,0,182
True,False,False,True,3,100,200,4.308,0,7,0,0,236
True,False,False,True,3,100,200,7.416,1,7,0,0,225
True,False,False,True,3,100,200,9.914666666666667,1,28,18,0,78
True,False,False,True,3,100,200,6.3806666666666665,1,9,9,0,331
True,False,False,True,3,200,0,4.410666666666667,0,8,0,0,211
True,False,False,True,3,200,0,10.575333333333333,1,28,15,0,86
True,False,False,True,3,200,0,8.998666666666667,1,28,24,0,76
True,False,False,True,3,200,0,0.0,0,0,0,0,43
True,False,False,True,3,200,0,0.0,0,0,0,0,65
True,False,False,True,3,200,100,5.320666666666667,0,8,0,0,176
True,False,False,True,3,200,100,0.0,0,0,0,0,152
True,False,False,True,3,200,100,0.0,0,0,0,0,54
True,False,False,True,3,200,100,0.0,0,0,0,0,112
True,False,False,True,3,200,100,0.0,0,0,0,0,57
True,False,False,True,3,200,200,0.0,0,0,0,0,59
True,False,False,True,3,200,200,5.062666666666667,0,5,0,0,236
True,False,False,True,3,200,200,0.03333333333333333,0,0,0,0,65
True,False,False,True,3,200,200,4.492666666666667,1,6,0,0,155
True,False,False,True,3,200,200,7.467333333333333,1,28,9,0,62
True,False,False,True,5,0,0,0.0,0,0,0,0,69
True,False,False,True,5,0,0,7.8533333333333335,1,28,9,0,58
True,False,False,True,5,0,0,0.0,0,0,0,0,153
True,False,False,True,5,0,0,11.22,1,22,15,0,119
True,False,False,True,5,0,0,0.0,0,0,0,0,74
True,False,False,True,5,0,100,0.0,0,0,0,0,54
True,False,False,True,5,0,100,8.336666666666666,0,6,0,0,284
True,False,False,True,5,0,100,0.0,0,0,0,0,47
True,False,False,True,5,0,100,0.0,0,0,0,0,73
True,False,False,True,5,0,100,4.148,0,6,0,0,167
True,False,False,True,5,0,200,0.0,0,0,0,0,59
True,False,False,True,5,0,200,0.0,0,0,0,0,107
True,False,False,True,5,0,200,11.425333333333333,1,28,19,0,93
True,False,False,True,5,0,200,0.0,0,0,0,0,68
True,False,False,True,5,0,200,6.033333333333333,1,6,0,0,196
True,False,False,True,5,100,0,0.0,0,0,0,0,65
True,False,False,True,5,100,0,0.0,0,0,0,0,39
True,False,False,True,5,100,0,0.0,0,0,0,0,32
True,False,False,True,5,100,0,4.212666666666666,0,6,0,0,402
True,False,False,True,5,100,0,0.0,0,0,0,0,70
True,False,False,True,5,100,100,0.0,0,0,0,0,89
True,False,False,True,5,100,100,0.0,0,0,0,0,65
True,False,False,True,5,100,100,5.262,0,8,0,0,189
True,False,False,True,5,100,100,0.0,0,0,0,0,80
True,False,False,True,5,100,100,4.381333333333333,0,6,0,0,195
True,False,False,True,5,100,200,0.0,0,0,0,0,83
True,False,False,True,5,100,200,0.0,0,0,0,0,66
True,False,False,True,5,100,200,6.367333333333334,1,10,0,0,194
True,False,False,True,5,100,200,5.766666666666667,0,10,0,0,192
True,False,False,True,5,100,200,7.548666666666667,0,6,0,0,461
True,False,False,True,5,200,0,0.0,0,0,0,0,86
True,False,False,True,5,200,0,0.0,0,0,0,0,57
True,False,False,True,5,200,0,0.0,0,0,0,0,53
True,False,False,True,5,200,0,0.0,0,0,0,0,54
True,False,False,True,5,200,0,0.0,0,0,0,0,56
True,False,False,True,5,200,100,11.387333333333334,1,28,12,0,99
True,False,False,True,5,200,100,6.712666666666666,0,7,0,0,242
True,False,False,True,5,200,100,0.0,0,0,0,0,35
True,False,False,True,5,200,100,12.738666666666667,1,8,0,0,254
True,False,False,True,5,200,100,6.711333333333333,1,7,0,0,197
True,False,False,True,5,200,200,0.0,0,0,0,0,59
True,False,False,True,5,200,200,0.0,0,0,0,0,31
True,False,False,True,5,200,200,0.0,0,0,0,0,118
True,False,False,True,5,200,200,0.0,0,0,0,0,59
True,False,False,True,5,200,200,0.0,0,0,0,0,36
True,False,False,False,3,0,0,0.0,0,0,0,0,35
True,False,False,False,3,0,0,0.0,0,0,0,0,49
True,False,False,False,3,0,0,0.0,0,0,0,0,39
True,False,False,False,3,0,0,0.0,0,0,0,0,39
True,False,False,False,3,0,0,0.0,0,0,0,0,75
True,False,False,False,3,0,100,7.018666666666666,1,28,15,0,54
True,False,False,False,3,0,100,0.0,0,0,0,0,109
True,False,False,False,3,0,100,0.0,0,0,0,0,61
True,False,False,False,3,0,100,0.0,0,0,0,0,110
True,False,False,False,3,0,100,0.0,0,0,0,0,138
True,False,False,False,3,0,200,3.997333333333333,0,4,0,0,403
True,False,False,False,3,0,200,9.956,1,11,0,0,226
True,False,False,False,3,0,200,4.206,0,6,0,0,165
True,False,False,False,3,0,200,0.0,0,0,0,0,69
True,False,False,False,3,0,200,5.911333333333333,0,7,0,0,213
True,False,False,False,3,100,0,0.0,0,0,0,0,58
True,False,False,False,3,100,0,0.0,0,0,0,0,60
True,False,False,False,3,100,0,0.0,0,0,0,0,79
True,False,False,False,3,100,0,0.0,0,0,0,0,86
True,False,False,False,3,100,0,0.0,0,0,0,0,96
True,False,False,False,3,100,100,0.0,0,0,0,0,53
True,False,False,False,3,100,100,0.0,0,0,0,0,38
True,False,False,False,3,100,100,4.034666666666666,0,4,0,0,584
True,False,False,False,3,100,100,0.0,0,0,0,0,81
True,False,False,False,3,100,100,8.012,1,28,18,0,64
True,False,False,False,3,100,200,0.0,0,0,0,0,42
True,False,False,False,3,100,200,0.0,0,0,0,0,62
True,False,False,False,3,100,200,0.0,0,0,0,0,77
True,False,False,False,3,100,200,6.015333333333333,1,8,0,0,209
True,False,False,False,3,100,200,0.0,0,0,0,0,55
True,False,False,False,3,200,0,0.0,0,0,0,0,98
True,False,False,False,3,200,0,0.0,0,0,0,0,173
True,False,False,False,3,200,0,10.22,1,28,19,0,110
True,False,False,False,3,200,0,0.0,0,0,0,0,68
True,False,False,False,3,200,0,0.0,0,0,0,0,86
True,False,False,False,3,200,100,0.0,0,0,0,0,62
True,False,False,False,3,200,100,5.55,0,6,0,0,251
True,False,False,False,3,200,100,15.786,1,8,0,0,305
True,False,False,False,3,200,100,0.0,0,0,0,0,45
True,False,False,False,3,200,100,0.0,0,0,0,0,57
True,False,False,False,3,200,200,0.0,0,0,0,0,99
True,False,False,False,3,200,200,0.0,0,0,0,0,60
True,False,False,False,3,200,200,0.0,0,0,0,0,80
True,False,False,False,3,200,200,0.0,0,0,0,0,44
True,False,False,False,3,200,200,0.0,0,0,0,0,40
True,False,False,False,5,0,0,4.146,0,6,0,0,205
True,False,False,False,5,0,0,0.0,0,0,0,0,39
True,False,False,False,5,0,0,0.0,0,0,0,0,69
True,False,False,False,5,0,0,0.0,0,0,0,0,43
True,False,False,False,5,0,0,0.0,0,0,0,0,50
True,False,False,False,5,0,100,0.0,0,0,0,0,71
True,False,False,False,5,0,100,0.0,0,0,0,0,107
True,False,False,False,5,0,100,0.0,0,0,0,0,50
True,False,False,False,5,0,100,6.462,1,27,24,0,61
True,False,False,False,5,0,100,8.348,1,28,9,0,62
True,False,False,False,5,0,200,9.892666666666667,1,28,9,0,97
True,False,False,False,5,0,200,8.100666666666667,1,28,15,0,72
True,False,False,False,5,0,200,0.0,0,0,0,0,62
True,False,False,False,5,0,200,0.0,0,0,0,0,80
True,False,False,False,5,0,200,10.566666666666666,1,10,0,0,241
True,False,False,False,5,100,0,3.7826666666666666,0,4,0,0,299
True,False,False,False,5,100,0,0.0,0,0,0,0,76
True,False,False,False,5,100,0,4.247333333333334,0,7,0,0,158
True,False,False,False,5,100,0,0.0,0,0,0,0,48
True,False,False,False,5,100,0,0.0,0,0,0,0,53
True,False,False,False,5,100,100,3.9386666666666668,0,4,0,0,173
True,False,False,False,5,100,100,7.396,1,27,21,0,50
True,False,False,False,5,100,100,0.0,0,0,0,0,55
True,False,False,False,5,100,100,6.614,0,7,0,0,259
True,False,False,False,5,100,100,12.268,1,28,16,0,147
True,False,False,False,5,100,200,0.0,0,0,0,0,61
True,False,False,False,5,100,200,4.3293333333333335,0,7,0,0,173
True,False,False,False,5,100,200,0.0,0,0,0,0,83
True,False,False,False,5,100,200,9.148666666666667,0,10,0,0,437
True,False,False,False,5,100,200,7.852,1,28,18,0,87
True,False,False,False,5,200,0,6.382,1,9,6,0,215
True,False,False,False,5,200,0,5.3293333333333335,1,8,0,0,165
True,False,False,False,5,200,0,8.457333333333333,1,8,0,0,245
True,False,False,False,5,200,0,0.0,0,0,0,0,36
True,False,False,False,5,200,0,0.0,0,0,0,0,97
True,False,False,False,5,200,100,0.0,0,0,0,0,101
True,False,False,False,5,200,100,5.2973333333333334,0,7,0,0,186
True,False,False,False,5,200,100,5.094,0,7,0,0,215
True,False,False,False,5,200,100,0.0,0,0,0,0,54
True,False,False,False,5,200,100,0.0,0,0,0,0,50
True,False,False,False,5,200,200,0.0,0,0,0,0,56
True,False,False,False,5,200,200,0.0,0,0,0,0,101
True,False,False,False,5,200,200,6.009333333333333,1,28,18,0,49
True,False,False,False,5,200,200,0.0,0,0,0,0,83
True,False,False,False,5,200,200,4.032666666666667,0,5,0,0,180
False,True,True,True,3,0,0,0.0,0,0,0,0,93
False,True,True,True,3,0,0,7.142,1,28,18,0,90
False,True,True,True,3,0,0,10.339333333333334,1,28,18,0,90
False,True,True,True,3,0,0,0.0,0,0,0,0,55
False,True,True,True,3,0,0,0.0,0,0,0,0,61
False,True,True,True,3,0,100,0.0,0,0,0,0,38
False,True,True,True,3,0,100,5.300666666666666,1,7,0,0,162
False,True,True,True,3,0,100,0.0,0,0,0,0,36
False,True,True,True,3,0,100,7.350666666666666,1,9,0,0,205
False,True,True,True,3,0,100,0.0,0,0,0,0,63
False,True,True,True,3,0,200,0.0,0,0,0,0,69
False,True,True,True,3,0,200,0.0,0,0,0,0,25
False,True,True,True,3,0,200,10.385333333333334,1,26,16,0,148
False,True,True,True,3,0,200,0.0,0,0,0,0,56
False,True,True,True,3,0,200,6.226,0,8,0,0,208
False,True,True,True,3,100,0,4.242,0,7,0,0,222
False,True,True,True,3,100,0,0.0,0,0,0,0,70
False,True,True,True,3,100,0,0.0,0,0,0,0,33
False,True,True,True,3,100,0,0.0,0,0,0,0,57
False,True,True,True,3,100,0,0.0,0,0,0,0,152
False,True,True,True,3,100,100,4.705333333333333,0,8,0,0,189
False,True,True,True,3,100,100,5.1433333333333335,1,6,0,0,154
False,True,True,True,3,100,100,0.0,0,0,0,0,71
False,True,True,True,3,100,100,0.0,0,0,0,0,50
False,True,True,True,3,100,100,7.399333333333334,1,9,6,0,215
False,True,True,True,3,100,200,0.0,0,0,0,0,54
False,True,True,True,3,100,200,0.0,0,0,0,0,49
False,True,True,True,3,100,200,6.967333333333333,0,6,0,0,416
False,True,True,True,3,100,200,8.992,1,8,0,0,280
False,True,True,True,3,100,200,0.0,0,0,0,0,51
False,True,True,True,3,200,0,0.0,0,0,0,0,63
False,True,True,True,3,200,0,3.816666666666667,0,4,0,0,211
False,True,True,True,3,200,0,4.354,0,7,0,0,480
False,True,True,True,3,200,0,4.262,0,6,0,0,208
False,True,True,True,3,200,0,0.0,0,0,0,0,70
False,True,True,True,3,200,100,0.0,0,0,0,0,60
False,True,True,True,3,200,100,0.0,0,0,0,0,82
False,True,True,True,3,200,100,0.0,0,0,0,0,73
False,True,True,True,3,200,100,0.0,0,0,0,0,55
False,True,True,True,3,200,100,0.0,0,0,0,0,56
False,True,True,True,3,200,200,9.057333333333334,1,28,15,0,69
False,True,True,True,3,200,200,8.020666666666667,1,8,0,0,230
False,True,True,True,3,200,200,0.0,0,0,0,0,65
False,True,True,True,3,200,200,4.562,0,6,0,0,241
False,True,True,True,3,200,200,10.604666666666667,1,7,6,0,272
False,True,True,True,5,0,0,0.0,0,0,0,0,67
False,True,True,True,5,0,0,0.0,0,0,0,0,99
False,True,True,True,5,0,0,0.0,0,0,0,0,57
False,True,True,True,5,0,0,0.0,0,0,0,0,60
False,True,True,True,5,0,0,0.0,0,0,0,0,44
False,True,True,True,5,0,100,4.653333333333333,0,6,0,0,279
False,True,True,True,5,0,100,0.0,0,0,0,0,63
False,True,True,True,5,0,100,12.077333333333334,0,9,0,0,692
False,True,True,True,5,0,100,7.533333333333333,0,8,0,0,467
False,True,True,True,5,0,100,0.0,0,0,0,0,18
False,True,True,True,5,0,200,0.0,0,0,0,0,50
False,True,True,True,5,0,200,0.0,0,0,0,0,94
False,True,True,True,5,0,200,0.0,0,0,0,0,25
False,True,True,True,5,0,200,7.712666666666666,1,10,0,0,218
False,True,True,True,5,0,200,0.0,0,0,0,0,59
False,True,True,True,5,100,0,4.378,0,6,0,0,159
False,True,True,True,5,100,0,0.0,0,0,0,0,59
False,True,True,True,5,100,0,4.6386666666666665,0,8,0,0,175
False,True,True,True,5,100,0,0.0,0,0,0,0,95
False,True,True,True,5,100,0,4.974666666666667,0,6,0,0,187
False,True,True,True,5,100,100,0.0,0,0,0,0,44
False,True,True,True,5,100,100,11.264,1,28,24,0,99
False,True,True,True,5,100,100,0.0,0,0,0,0,34
False,True,True,True,5,100,100,0.0,0,0,0,0,31
False,True,True,True,5,100,100,0.0,0,0,0,0,71
False,True,True,True,5,100,200,0.0,0,0,0,0,44
False,True,True,True,5,100,200,0.0,0,0,0,0,60
False,True,True,True,5,100,200,0.0,0,0,0,0,137
False,True,True,True,5,100,200,0.0,0,0,0,0,28
False,True,True,True,5,100,200,0.0,0,0,0,0,75
False,True,True,True,5,200,0,0.0,0,0,0,0,44
False,True,True,True,5,200,0,4.1513333333333335,0,5,0,0,162
False,True,True,True,5,200,0,0.0,0,0,0,0,83
False,True,True,True,5,200,0,7.789333333333333,0,13,0,0,352
False,True,True,True,5,200,0,6.341333333333333,0,6,0,0,207
False,True,True,True,5,200,100,0.0,0,0,0,0,46
False,True,True,True,5,200,100,0.0,0,0,0,0,102
False,True,True,True,5,200,100,0.0,0,0,0,0,46
False,True,True,True,5,200,100,0.0,0,0,0,0,79
False,True,True,True,5,200,100,22.058666666666667,1,9,0,0,472
False,True,True,True,5,200,200,0.0,0,0,0,0,65
False,True,True,True,5,200,200,0.0,0,0,0,0,51
False,True,True,True,5,200,200,0.0,0,0,0,0,189
False,True,True,True,5,200,200,9.500666666666667,1,28,15,0,109
False,True,True,True,5,200,200,0.0,0,0,0,0,62
False,True,True,False,3,0,0,0.0,0,0,0,0,40
False,True,True,False,3,0,0,4.188,0,5,0,0,159
False,True,True,False,3,0,0,0.0,0,0,0,0,36
False,True,True,False,3,0,0,0.0,0,0,0,0,37
False,True,True,False,3,0,0,0.0,0,0,0,0,94
False,True,True,False,3,0,100,0.0,0,0,0,0,92
False,True,True,False,3,0,100,4.122,0,6,0,0,348
False,True,True,False,3,0,100,8.780666666666667,1,8,0,0,259
False,True,True,False,3,0,100,0.0,0,0,0,0,53
False,True,True,False,3,0,100,6.198666666666667,1,9,0,0,187
False,True,True,False,3,0,200,0.0,0,0,0,0,54
False,True,True,False,3,0,200,5.444,0,10,0,0,189
False,True,True,False,3,0,200,0.0,0,0,0,0,129
False,True,True,False,3,0,200,0.0,0,0,0,0,31
False,True,True,False,3,0,200,0.0,0,0,0,0,44
False,True,True,False,3,100,0,0.0,0,0,0,0,38
False,True,True,False,3,100,0,0.0,0,0,0,0,103
False,True,True,False,3,100,0,0.0,0,0,0,0,48
False,True,True,False,3,100,0,23.464,1,10,9,0,377
False,True,True,False,3,100,0,9.350666666666667,1,9,0,0,211
False,True,True,False,3,100,100,0.0,0,0,0,0,54
False,True,True,False,3,100,100,0.0,0,0,0,0,78
False,True,True,False,3,100,100,0.0,0,0,0,0,36
False,True,True,False,3,100,100,0.0,0,0,0,0,67
False,True,True,False,3,100,100,0.0,0,0,0,0,95
False,True,True,False,3,100,200,0.0,0,0,0,0,45
False,True,True,False,3,100,200,0.0,0,0,0,0,44
False,True,True,False,3,100,200,4.388,0,7,0,0,181
False,True,True,False,3,100,200,5.752,1,19,15,0,42
False,True,True,False,3,100,200,0.0,0,0,0,0,63
False,True,True,False,3,200,0,0.0,0,0,0,0,79
False,True,True,False,3,200,0,4.763333333333334,0,7,0,0,197
False,True,True,False,3,200,0,9.23,1,28,18,0,83
False,True,True,False,3,200,0,5.8613333333333335,1,8,0,0,161
False,True,True,False,3,200,0,5.600666666666666,0,8,0,0,188
False,True,True,False,3,200,100,0.0,0,0,0,0,49
False,True,True,False,3,200,100,0.0,0,0,0,0,55
False,True,True,False,3,200,100,0.0,0,0,0,0,60
False,True,True,False,3,200,100,0.0,0,0,0,0,45
False,True,True,False,3,200,100,0.0,0,0,0,0,54
False,True,True,False,3,200,200,0.0,0,0,0,0,46
False,True,True,False,3,200,200,0.0,0,0,0,0,61
False,True,True,False,3,200,200,0.0,0,0,0,0,86
False,True,True,False,3,200,200,0.0,0,0,0,0,53
False,True,True,False,3,200,200,0.0,0,0,0,0,51
False,True,True,False,5,0,0,0.0,0,0,0,0,169
False,True,True,False,5,0,0,0.0,0,0,0,0,471
False,True,True,False,5,0,0,5.1353333333333335,0,9,0,0,165
False,True,True,False,5,0,0,0.0,0,0,0,0,36
False,True,True,False,5,0,0,4.424,0,7,0,0,180
False,True,True,False,5,0,100,5.224666666666667,0,7,0,0,339
False,True,True,False,5,0,100,4.951333333333333,0,6,0,0,179
False,True,True,False,5,0,100,5.065333333333333,0,6,0,0,194
False,True,True,False,5,0,100,0.0,0,0,0,0,42
False,True,True,False,5,0,100,4.299333333333333,0,7,0,0,226
False,True,True,False,5,0,200,0.0,0,0,0,0,160
False,True,True,False,5,0,200,6.152666666666667,1,8,0,0,196
False,True,True,False,5,0,200,7.827333333333334,1,28,14,0,61
False,True,True,False,5,0,200,5.065333333333333,0,8,0,0,172
False,True,True,False,5,0,200,6.9366666666666665,1,8,0,0,184
False,True,True,False,5,100,0,0.0,0,0,0,0,46
False,True,True,False,5,100,0,4.432666666666667,0,7,0,0,237
False,True,True,False,5,100,0,7.690666666666667,1,9,6,0,222
False,True,True,False,5,100,0,0.0,0,0,0,0,37
False,True,True,False,5,100,0,3.888,0,3,0,0,284
False,True,True,False,5,100,100,0.0,0,0,0,0,84
False,True,True,False,5,100,100,0.0,0,0,0,0,90
False,True,True,False,5,100,100,0.0,0,0,0,0,59
False,True,True,False,5,100,100,0.0,0,0,0,0,33
False,True,True,False,5,100,100,0.0,0,0,0,0,59
False,True,True,False,5,100,200,11.11,1,28,14,0,83
False,True,True,False,5,100,200,0.0,0,0,0,0,70
False,True,True,False,5,100,200,0.0,0,0,0,0,96
False,True,True,False,5,100,200,4.8533333333333335,0,5,0,0,185
False,True,True,False,5,100,200,0.0,0,0,0,0,86
False,True,True,False,5,200,0,77.06266666666667,1,9,0,0,1000
False,True,True,False,5,200,0,0.0,0,0,0,0,130
False,True,True,False,5,200,0,0.0,0,0,0,0,89
False,True,True,False,5,200,0,5.614,0,5,0,0,204
False,True,True,False,5,200,0,0.0,0,0,0,0,64
False,True,True,False,5,200,100,12.094666666666667,1,19,18,0,265
False,True,True,False,5,200,100,0.0,0,0,0,0,45
False,True,True,False,5,200,100,0.0,0,0,0,0,41
False,True,True,False,5,200,100,0.0,0,0,0,0,74
False,True,True,False,5,200,100,10.523333333333333,0,8,0,0,556
False,True,True,False,5,200,200,10.491333333333333,1,9,6,0,281
False,True,True,False,5,200,200,0.0,0,0,0,0,34
False,True,True,False,5,200,200,0.0,0,0,0,0,49
False,True,True,False,5,200,200,4.389333333333333,0,6,0,0,213
False,True,True,False,5,200,200,0.0,0,0,0,0,65
False,True,False,True,3,0,0,0.0,0,0,0,0,48
False,True,False,True,3,0,0,0.0,0,0,0,0,40
False,True,False,True,3,0,0,0.0,0,0,0,0,52
False,True,False,True,3,0,0,0.0,0,0,0,0,160
False,True,False,True,3,0,0,6.258666666666667,1,28,21,0,43
False,True,False,True,3,0,100,0.0,0,0,0,0,93
False,True,False,True,3,0,100,0.0,0,0,0,0,85
False,True,False,True,3,0,100,0.0,0,0,0,0,60
False,True,False,True,3,0,100,0.0,0,0,0,0,42
False,True,False,True,3,0,100,0.0,0,0,0,0,94
False,True,False,True,3,0,200,13.724666666666666,1,28,12,0,136
False,True,False,True,3,0,200,5.939333333333333,1,27,12,0,25
False,True,False,True,3,0,200,4.351333333333334,0,7,0,0,363
False,True,False,True,3,0,200,0.0,0,0,0,0,48
False,True,False,True,3,0,200,0.0,0,0,0,0,51
False,True,False,True,3,100,0,0.0,0,0,0,0,61
False,True,False,True,3,100,0,0.0,0,0,0,0,44
False,True,False,True,3,100,0,0.0,0,0,0,0,146
False,True,False,True,3,100,0,0.0,0,0,0,0,94
False,True,False,True,3,100,0,0.0,0,0,0,0,51
False,True,False,True,3,100,100,5.246,0,7,0,0,171
False,True,False,True,3,100,100,0.0,0,0,0,0,56
False,True,False,True,3,100,100,5.722666666666667,0,8,0,0,226
False,True,False,True,3,100,100,0.0,0,0,0,0,66
False,True,False,True,3,100,100,5.0553333333333335,0,5,0,0,205
False,True,False,True,3,100,200,0.0,0,0,0,0,84
False,True,False,True,3,100,200,5.772666666666667,1,8,0,0,185
False,True,False,True,3,100,200,0.0,0,0,0,0,51
False,True,False,True,3,100,200,0.0,0,0,0,0,29
False,True,False,True,3,100,200,0.0,0,0,0,0,227
False,True,False,True,3,200,0,0.0,0,0,0,0,58
False,True,False,True,3,200,0,0.0,0,0,0,0,39
False,True,False,True,3,200,0,0.0,0,0,0,0,38
False,True,False,True,3,200,0,0.0,0,0,0,0,73
False,True,False,True,3,200,0,8.426,1,28,27,0,80
False,True,False,True,3,200,100,0.0,0,0,0,0,50
False,True,False,True,3,200,100,9.081333333333333,1,28,9,0,120
False,True,False,True,3,200,100,0.0,0,0,0,0,73
False,True,False,True,3,200,100,0.0,0,0,0,0,29
False,True,False,True,3,200,100,0.0,0,0,0,0,32
False,True,False,True,3,200,200,5.379333333333333,0,7,0,0,192
False,True,False,True,3,200,200,0.0,0,0,0,0,44
False,True,False,True,3,200,200,0.0,0,0,0,0,52
False,True,False,True,3,200,200,7.49,1,28,15,0,60
False,True,False,True,3,200,200,0.0,0,0,0,0,66
False,True,False,True,5,0,0,0.0,0,0,0,0,30
False,True,False,True,5,0,0,0.0,0,0,0,0,56
False,True,False,True,5,0,0,4.386,0,8,0,0,173
False,True,False,True,5,0,0,4.235333333333333,0,5,0,0,961
False,True,False,True,5,0,0,4.104,0,6,0,0,403
False,True,False,True,5,0,100,0.0,0,0,0,0,54
False,True,False,True,5,0,100,0.0,0,0,0,0,37
False,True,False,True,5,0,100,0.0,0,0,0,0,97
False,True,False,True,5,0,100,0.0,0,0,0,0,81
False,True,False,True,5,0,100,6.302666666666667,0,7,0,0,208
False,True,False,True,5,0,200,5.156666666666666,1,6,0,0,175
False,True,False,True,5,0,200,9.104666666666667,1,28,15,0,74
False,True,False,True,5,0,200,6.510666666666666,1,7,0,0,184
False,True,False,True,5,0,200,5.013333333333334,1,7,0,0,185
False,True,False,True,5,0,200,0.0,0,0,0,0,66
False,True,False,True,5,100,0,0.0,0,0,0,0,149
False,True,False,True,5,100,0,0.0,0,0,0,0,61
False,True,False,True,5,100,0,7.980666666666667,1,9,0,0,225
False,True,False,True,5,100,0,0.0,0,0,0,0,60
False,True,False,True,5,100,0,0.0,0,0,0,0,55
False,True,False,True,5,100,100,5.743333333333333,1,8,0,0,159
False,True,False,True,5,100,100,0.0,0,0,0,0,82
False,True,False,True,5,100,100,0.0,0,0,0,0,64
False,True,False,True,5,100,100,0.0,0,0,0,0,111
False,True,False,True,5,100,100,4.023333333333333,0,4,0,0,257
False,True,False,True,5,100,200,0.0,0,0,0,0,45
False,True,False,True,5,100,200,7.1786666666666665,0,7,0,0,367
False,True,False,True,5,100,200,7.76,1,28,13,0,93
False,True,False,True,5,100,200,7.570666666666667,1,28,34,0,62
False,True,False,True,5,100,200,0.0,0,0,0,0,190
False,True,False,True,5,200,0,9.364666666666666,0,9,0,0,415
False,True,False,True,5,200,0,11.264,1,28,15,0,137
False,True,False,True,5,200,0,4.224666666666667,0,5,0,0,292
False,True,False,True,5,200,0,0.0,0,0,0,0,57
False,True,False,True,5,200,0,0.0,0,0,0,0,43
False,True,False,True,5,200,100,0.0,0,0,0,0,55
False,True,False,True,5,200,100,0.0,0,0,0,0,87
False,True,False,True,5,200,100,0.0,0,0,0,0,74
False,True,False,True,5,200,100,11.493333333333334,0,5,0,0,889
False,True,False,True,5,200,100,5.398666666666666,0,6,0,0,206
False,True,False,True,5,200,200,10.320666666666666,1,28,23,0,120
False,True,False,True,5,200,200,0.0,0,0,0,0,61
False,True,False,True,5,200,200,0.0,0,0,0,0,55
False,True,False,True,5,200,200,4.236,0,7,0,0,249
False,True,False,True,5,200,200,8.159333333333333,1,28,14,0,113
False,True,False,False,3,0,0,0.0,0,0,0,0,61
False,True,False,False,3,0,0,0.0,0,0,0,0,65
False,True,False,False,3,0,0,9.729333333333333,1,28,18,0,135
False,True,False,False,3,0,0,0.0,0,0,0,0,67
False,True,False,False,3,0,0,0.0,0,0,0,0,34
False,True,False,False,3,0,100,14.174,0,9,6,0,446
False,True,False,False,3,0,100,4.416,0,6,0,0,164
False,True,False,False,3,0,100,0.0,0,0,0,0,26
False,True,False,False,3,0,100,0.0,0,0,0,0,34
False,True,False,False,3,0,100,0.0,0,0,0,0,55
False,True,False,False,3,0,200,0.0,0,0,0,0,48
False,True,False,False,3,0,200,0.0,0,0,0,0,88
False,True,False,False,3,0,200,4.225333333333333,0,4,0,0,199
False,True,False,False,3,0,200,8.362,1,27,22,0,79
False,True,False,False,3,0,200,0.0,0,0,0,0,56
False,True,False,False,3,100,0,4.234,0,6,0,0,856
False,True,False,False,3,100,0,7.960666666666667,1,8,0,0,184
False,True,False,False,3,100,0,6.186,1,7,0,0,179
False,True,False,False,3,100,0,0.0,0,0,0,0,45
False,True,False,False,3,100,0,0.0,0,0,0,0,82
False,True,False,False,3,100,100,0.0,0,0,0,0,56
False,True,False,False,3,100,100,0.0,0,0,0,0,47
False,True,False,False,3,100,100,0.0,0,0,0,0,53
False,True,False,False,3,100,100,0.0,0,0,0,0,39
False,True,False,False,3,100,100,5.13,0,6,0,0,274
False,True,False,False,3,100,200,10.001333333333333,1,28,18,0,64
False,True,False,False,3,100,200,0.0,0,0,0,0,66
False,True,False,False,3,100,200,8.727333333333334,1,28,16,0,71
False,True,False,False,3,100,200,7.266,1,27,15,0,52
False,True,False,False,3,100,200,5.472666666666667,0,8,0,0,217
False,True,False,False,3,200,0,6.441333333333334,1,5,0,0,222
False,True,False,False,3,200,0,0.0,0,0,0,0,75
False,True,False,False,3,200,0,4.110666666666667,0,5,0,0,308
False,True,False,False,3,200,0,0.0,0,0,0,0,63
False,True,False,False,3,200,0,0.0,0,0,0,0,101
False,True,False,False,3,200,100,7.906666666666666,1,28,18,0,56
False,True,False,False,3,200,100,0.0,0,0,0,0,54
False,True,False,False,3,200,100,0.0,0,0,0,0,69
False,True,False,False,3,200,100,0.0,0,0,0,0,57
False,True,False,False,3,200,100,0.0,0,0,0,0,41
False,True,False,False,3,200,200,6.030666666666667,1,28,24,0,43
False,True,False,False,3,200,200,0.0,0,0,0,0,42
False,True,False,False,3,200,200,0.0,0,0,0,0,45
False,True,False,False,3,200,200,9.964666666666666,0,8,6,0,351
False,True,False,False,3,200,200,5.512,0,7,0,0,204
False,True,False,False,5,0,0,3.9886666666666666,0,5,0,0,176
False,True,False,False,5,0,0,0.0,0,0,0,0,67
False,True,False,False,5,0,0,4.985333333333333,0,5,0,0,180
False,True,False,False,5,0,0,5.186,1,6,0,0,174
False,True,False,False,5,0,0,4.346666666666667,0,8,0,0,163
False,True,False,False,5,0,100,6.1706666666666665,1,28,15,0,40
False,True,False,False,5,0,100,0.0,0,0,0,0,37
False,True,False,False,5,0,100,0.0,0,0,0,0,63
False,True,False,False,5,0,100,53.654,1,14,9,0,1000
False,True,False,False,5,0,100,7.995333333333333,1,7,0,0,258
False,True,False,False,5,0,200,5.553333333333334,0,7,0,0,288
False,True,False,False,5,0,200,0.0,0,0,0,0,109
False,True,False,False,5,0,200,0.0,0,0,0,0,73
False,True,False,False,5,0,200,7.152666666666667,0,8,0,0,248
False,True,False,False,5,0,200,0.0,0,0,0,0,83
False,True,False,False,5,100,0,0.0,0,0,0,0,38
False,True,False,False,5,100,0,0.0,0,0,0,0,50
False,True,False,False,5,100,0,0.0,0,0,0,0,53
False,True,False,False,5,100,0,0.0,0,0,0,0,49
False,True,False,False,5,100,0,3.8973333333333335,0,5,0,0,308
False,True,False,False,5,100,100,0.0,0,0,0,0,70
False,True,False,False,5,100,100,7.362666666666667,0,6,0,0,243
False,True,False,False,5,100,100,3.834,0,4,0,0,279
False,True,False,False,5,100,100,6.998,0,7,0,0,238
False,True,False,False,5,100,100,0.0,0,0,0,0,65
False,True,False,False,5,100,200,4.257333333333333,0,7,0,0,397
False,True,False,False,5,100,200,7.9366666666666665,1,28,15,0,62
False,True,False,False,5,100,200,7.754666666666667,1,28,16,0,98
False,True,False,False,5,100,200,0.0,0,0,0,0,25
False,True,False,False,5,100,200,7.446,1,9,0,0,205
False,True,False,False,5,200,0,7.61,1,28,11,0,71
False,True,False,False,5,200,0,0.0,0,0,0,0,55
False,True,False,False,5,200,0,7.02,1,8,0,0,198
False,True,False,False,5,200,0,6.053333333333334,0,8,0,0,196
False,True,False,False,5,200,0,13.564,1,28,15,0,130
False,True,False,False,5,200,100,0.0,0,0,0,0,143
False,True,False,False,5,200,100,0.0,0,0,0,0,67
False,True,False,False,5,200,100,0.0,0,0,0,0,36
False,True,False,False,5,200,100,0.0,0,0,0,0,60
False,True,False,False,5,200,100,0.0,0,0,0,0,87
False,True,False,False,5,200,200,0.0,0,0,0,0,204
False,True,False,False,5,200,200,0.0,0,0,0,0,83
False,True,False,False,5,200,200,0.0,0,0,0,0,77
False,True,False,False,5,200,200,0.0,0,0,0,0,58
False,True,False,False,5,200,200,5.83,1,7,0,0,173
False,False,True,True,3,0,0,7.288666666666667,1,28,13,0,56
False,False,True,True,3,0,0,0.0,0,0,0,0,62
False,False,True,True,3,0,0,9.176,1,28,9,0,77
False,False,True,True,3,0,0,0.0,0,0,0,0,50
False,False,True,True,3,0,0,4.872,0,9,0,0,167
False,False,True,True,3,0,100,7.215333333333334,1,7,0,0,209
False,False,True,True,3,0,100,0.0,0,0,0,0,54
False,False,True,True,3,0,100,4.992,0,5,0,0,190
False,False,True,True,3,0,100,12.414666666666667,1,9,6,0,273
False,False,True,True,3,0,100,5.501333333333333,0,8,0,0,215
False,False,True,True,3,0,200,8.372,1,28,15,0,71
False,False,True,True,3,0,200,5.798666666666667,1,7,0,0,194
False,False,True,True,3,0,200,0.0,0,0,0,0,43
False,False,True,True,3,0,200,0.0,0,0,0,0,54
False,False,True,True,3,0,200,0.0,0,0,0,0,39
False,False,True,True,3,100,0,0.0,0,0,0,0,49
False,False,True,True,3,100,0,0.0,0,0,0,0,58
False,False,True,True,3,100,0,0.0,0,0,0,0,44
False,False,True,True,3,100,0,4.45,0,6,0,0,210
False,False,True,True,3,100,0,0.0,0,0,0,0,49
False,False,True,True,3,100,100,0.0,0,0,0,0,60
False,False,True,True,3,100,100,0.0,0,0,0,0,74
False,False,True,True,3,100,100,0.0,0,0,0,0,84
False,False,True,True,3,100,100,25.480666666666668,0,10,0,0,1000
False,False,True,True,3,100,100,8.784,1,28,23,0,74
False,False,True,True,3,100,200,0.0,0,0,0,0,63
False,False,True,True,3,100,200,6.076,0,7,0,0,408
False,False,True,True,3,100,200,0.0,0,0,0,0,109
False,False,True,True,3,100,200,0.0,0,0,0,0,39
False,False,True,True,3,100,200,5.459333333333333,0,9,0,0,247
False,False,True,True,3,200,0,0.0,0,0,0,0,103
False,False,True,True,3,200,0,0.0,0,0,0,0,65
False,False,True,True,3,200,0,0.0,0,0,0,0,62
False,False,True,True,3,200,0,5.080666666666667,1,7,0,0,159
False,False,True,True,3,200,0,0.0,0,0,0,0,69
False,False,True,True,3,200,100,0.0,0,0,0,0,47
False,False,True,True,3,200,100,6.012666666666667,1,8,0,0,162
False,False,True,True,3,200,100,0.0,0,0,0,0,49
False,False,True,True,3,200,100,9.862,1,26,18,0,81
False,False,True,True,3,200,100,0.0,0,0,0,0,93
False,False,True,True,3,200,200,0.0,0,0,0,0,52
False,False,True,True,3,200,200,0.0,0,0,0,0,74
False,False,True,True,3,200,200,0.0,0,0,0,0,75
False,False,True,True,3,200,200,4.508,0,6,0,0,183
False,False,True,True,3,200,200,0.0,0,0,0,0,44
False,False,True,True,5,0,0,8.594666666666667,1,28,22,0,65
False,False,True,True,5,0,0,0.0,0,0,0,0,59
False,False,True,True,5,0,0,0.0,0,0,0,0,102
False,False,True,True,5,0,0,7.63,1,9,0,0,211
False,False,True,True,5,0,0,8.301333333333334,0,7,0,0,452
False,False,True,True,5,0,100,3.941333333333333,0,4,0,0,220
False,False,True,True,5,0,100,4.639333333333333,0,7,0,0,221
False,False,True,True,5,0,100,5.491333333333333,0,6,0,0,216
False,False,True,True,5,0,100,12.198,0,7,0,0,472
False,False,True,True,5,0,100,0.0,0,0,0,0,59
False,False,True,True,5,0,200,0.0,0,0,0,0,66
False,False,True,True,5,0,200,0.0,0,0,0,0,74
False,False,True,True,5,0,200,6.040666666666667,1,8,0,0,205
False,False,True,True,5,0,200,4.216,0,6,0,0,183
False,False,True,True,5,0,200,0.0,0,0,0,0,59
False,False,True,True,5,100,0,5.1626666666666665,1,7,0,0,153
False,False,True,True,5,100,0,4.728666666666666,0,7,0,0,209
False,False,True,True,5,100,0,3.7533333333333334,0,4,0,0,248
False,False,True,True,5,100,0,5.624,0,9,0,0,167
False,False,True,True,5,100,0,11.959333333333333,1,28,17,0,109
False,False,True,True,5,100,100,0.0,0,0,0,0,56
False,False,True,True,5,100,100,11.177333333333333,0,9,0,0,592
False,False,True,True,5,100,100,0.0,0,0,0,0,47
False,False,True,True,5,100,100,0.0,0,0,0,0,52
False,False,True,True,5,100,100,0.0,0,0,0,0,93
False,False,True,True,5,100,200,6.978,1,9,9,0,82
False,False,True,True,5,100,200,0.0,0,0,0,0,57
False,False,True,True,5,100,200,0.0,0,0,0,0,60
False,False,True,True,5,100,200,0.0,0,0,0,0,44
False,False,True,True,5,100,200,0.0,0,0,0,0,55
False,False,True,True,5,200,0,0.0,0,0,0,0,46
False,False,True,True,5,200,0,0.0,0,0,0,0,91
False,False,True,True,5,200,0,0.0,0,0,0,0,47
False,False,True,True,5,200,0,0.0,0,0,0,0,45
False,False,True,True,5,200,0,0.0,0,0,0,0,45
False,False,True,True,5,200,100,7.365333333333333,1,6,0,0,204
False,False,True,True,5,200,100,0.0,0,0,0,0,42
False,False,True,True,5,200,100,7.508666666666667,1,7,0,0,224
False,False,True,True,5,200,100,0.0,0,0,0,0,44
False,False,True,True,5,200,100,7.735333333333333,1,28,6,0,108
False,False,True,True,5,200,200,0.0,0,0,0,0,51
False,False,True,True,5,200,200,0.0,0,0,0,0,62
False,False,True,True,5,200,200,0.0,0,0,0,0,38
False,False,True,True,5,200,200,6.426,0,4,6,0,233
False,False,True,True,5,200,200,4.6113333333333335,0,6,0,0,210
False,False,True,False,3,0,0,0.0,0,0,0,0,40
False,False,True,False,3,0,0,4.044,0,5,0,0,253
False,False,True,False,3,0,0,4.764,0,8,0,0,171
False,False,True,False,3,0,0,0.0,0,0,0,0,51
False,False,True,False,3,0,0,4.278,0,7,0,0,179
False,False,True,False,3,0,100,9.754,1,28,12,0,90
False,False,True,False,3,0,100,4.059333333333333,0,5,0,0,211
False,False,True,False,3,0,100,7.236666666666666,1,8,0,0,243
False,False,True,False,3,0,100,4.886,0,7,0,0,182
False,False,True,False,3,0,100,9.829333333333333,1,9,6,0,223
False,False,True,False,3,0,200,0.0,0,0,0,0,44
False,False,True,False,3,0,200,0.0,0,0,0,0,94
False,False,True,False,3,0,200,5.795333333333334,1,7,0,0,187
False,False,True,False,3,0,200,0.0,0,0,0,0,63
False,False,True,False,3,0,200,5.8566666666666665,0,8,0,0,177
False,False,True,False,3,100,0,0.0,0,0,0,0,57
False,False,True,False,3,100,0,0.0,0,0,0,0,77
False,False,True,False,3,100,0,0.0,0,0,0,0,77
False,False,True,False,3,100,0,0.0,0,0,0,0,71
False,False,True,False,3,100,0,5.014,0,5,0,0,197
False,False,True,False,3,100,100,4.504666666666667,0,7,0,0,143
False,False,True,False,3,100,100,0.0,0,0,0,0,70
False,False,True,False,3,100,100,5.045333333333334,0,6,0,0,199
False,False,True,False,3,100,100,3.8926666666666665,0,3,0,0,207
False,False,True,False,3,100,100,0.0,0,0,0,0,89
False,False,True,False,3,100,200,0.0,0,0,0,0,68
False,False,True,False,3,100,200,0.0,0,0,0,0,40
False,False,True,False,3,100,200,4.564,0,8,0,0,236
False,False,True,False,3,100,200,0.0,0,0,0,0,53
False,False,True,False,3,100,200,0.0,0,0,0,0,60
False,False,True,False,3,200,0,0.0,0,0,0,0,52
False,False,True,False,3,200,0,0.0,0,0,0,0,86
False,False,True,False,3,200,0,4.65,0,7,0,0,172
False,False,True,False,3,200,0,4.498,0,7,0,0,198
False,False,True,False,3,200,0,0.0,0,0,0,0,72
False,False,True,False,3,200,100,6.3886666666666665,1,25,19,0,49
False,False,True,False,3,200,100,0.0,0,0,0,0,53
False,False,True,False,3,200,100,0.0,0,0,0,0,59
False,False,True,False,3,200,100,0.0,0,0,0,0,60
False,False,True,False,3,200,100,4.104666666666667,0,6,0,0,151
False,False,True,False,3,200,200,4.276666666666666,0,7,0,0,212
False,False,True,False,3,200,200,0.0,0,0,0,0,65
False,False,True,False,3,200,200,0.0,0,0,0,0,66
False,False,True,False,3,200,200,4.38,0,7,0,0,340
False,False,True,False,3,200,200,0.0,0,0,0,0,50
False,False,True,False,5,0,0,0.0,0,0,0,0,59
False,False,True,False,5,0,0,46.358,1,12,0,0,694
False,False,True,False,5,0,0,0.0,0,0,0,0,216
False,False,True,False,5,0,0,0.0,0,0,0,0,58
False,False,True,False,5,0,0,4.440666666666667,0,6,0,0,213
False,False,True,False,5,0,100,6.243333333333333,1,8,0,0,197
False,False,True,False,5,0,100,8.824666666666667,1,28,15,0,105
False,False,True,False,5,0,100,0.0,0,0,0,0,37
False,False,True,False,5,0,100,0.0,0,0,0,0,64
False,False,True,False,5,0,100,8.15,1,28,26,0,70
False,False,True,False,5,0,200,7.3453333333333335,1,10,0,0,238
False,False,True,False,5,0,200,0.0,0,0,0,0,53
False,False,True,False,5,0,200,0.0,0,0,0,0,38
False,False,True,False,5,0,200,21.328,0,10,0,0,890
False,False,True,False,5,0,200,4.886,0,6,0,0,186
False,False,True,False,5,100,0,11.547333333333333,1,28,18,0,139
False,False,True,False,5,100,0,0.0,0,0,0,0,53
False,False,True,False,5,100,0,0.0,0,0,0,0,78
False,False,True,False,5,100,0,0.0,0,0,0,0,48
False,False,True,False,5,100,0,0.0,0,0,0,0,31
False,False,True,False,5,100,100,0.0,0,0,0,0,97
False,False,True,False,5,100,100,6.306,0,7,0,0,252
False,False,True,False,5,100,100,0.0,0,0,0,0,53
False,False,True,False,5,100,100,4.326,0,5,0,0,313
False,False,True,False,5,100,100,9.004666666666667,1,28,16,0,104
False,False,True,False,5,100,200,14.940666666666667,1,19,18,0,275
False,False,True,False,5,100,200,0.0,0,0,0,0,51
False,False,True,False,5,100,200,4.728666666666666,0,7,0,0,176
False,False,True,False,5,100,200,0.0,0,0,0,0,76
False,False,True,False,5,100,200,0.0,0,0,0,0,69
False,False,True,False,5,200,0,5.4206666666666665,0,4,0,0,191
False,False,True,False,5,200,0,0.0,0,0,0,0,68
False,False,True,False,5,200,0,0.0,0,0,0,0,38
False,False,True,False,5,200,0,7.941333333333334,1,25,18,0,80
False,False,True,False,5,200,0,6.243333333333333,0,7,0,0,208
False,False,True,False,5,200,100,4.043333333333333,0,4,0,0,232
False,False,True,False,5,200,100,0.0,0,0,0,0,47
False,False,True,False,5,200,100,7.322,1,24,24,0,54
False,False,True,False,5,200,100,4.503333333333333,0,5,0,0,199
False,False,True,False,5,200,100,0.0,0,0,0,0,49
False,False,True,False,5,200,200,6.817333333333333,1,9,0,0,196
False,False,True,False,5,200,200,9.846,1,28,18,0,108
False,False,True,False,5,200,200,0.0,0,0,0,0,94
False,False,True,False,5,200,200,0.0,0,0,0,0,61
False,False,True,False,5,200,200,8.947333333333333,1,28,15,0,70
False,False,False,True,3,0,0,4.964,0,9,0,0,181
False,False,False,True,3,0,0,0.0,0,0,0,0,46
False,False,False,True,3,0,0,6.412,1,25,16,0,52
False,False,False,True,3,0,0,7.252,1,8,0,0,204
False,False,False,True,3,0,0,4.042,0,5,0,0,408
False,False,False,True,3,0,100,0.0,0,0,0,0,56
False,False,False,True,3,0,100,20.838666666666665,1,21,11,0,317
False,False,False,True,3,0,100,6.236666666666666,1,27,18,0,38
False,False,False,True,3,0,100,4.7,0,7,0,0,152
False,False,False,True,3,0,100,4.504,0,8,0,0,178
False,False,False,True,3,0,200,0.0,0,0,0,0,84
False,False,False,True,3,0,200,8.692,1,28,15,0,96
False,False,False,True,3,0,200,0.0,0,0,0,0,39
False,False,False,True,3,0,200,0.0,0,0,0,0,81
False,False,False,True,3,0,200,0.0,0,0,0,0,44
False,False,False,True,3,100,0,11.355333333333334,1,28,15,0,124
False,False,False,True,3,100,0,0.0,0,0,0,0,53
False,False,False,True,3,100,0,0.0,0,0,0,0,53
False,False,False,True,3,100,0,0.0,0,0,0,0,96
False,False,False,True,3,100,0,0.0,0,0,0,0,51
False,False,False,True,3,100,100,0.0,0,0,0,0,40
False,False,False,True,3,100,100,0.0,0,0,0,0,43
False,False,False,True,3,100,100,0.0,0,0,0,0,30
False,False,False,True,3,100,100,0.0,0,0,0,0,29
False,False,False,True,3,100,100,9.645333333333333,1,28,17,0,96
False,False,False,True,3,100,200,0.0,0,0,0,0,26
False,False,False,True,3,100,200,7.518666666666666,1,9,0,0,217
False,False,False,True,3,100,200,0.0,0,0,0,0,289
False,False,False,True,3,100,200,0.0,0,0,0,0,87
False,False,False,True,3,100,200,6.884,1,28,15,0,98
False,False,False,True,3,200,0,0.0,0,0,0,0,51
False,False,False,True,3,200,0,0.0,0,0,0,0,78
False,False,False,True,3,200,0,0.0,0,0,0,0,59
False,False,False,True,3,200,0,0.0,0,0,0,0,70
False,False,False,True,3,200,0,5.141333333333334,1,7,0,0,168
False,False,False,True,3,200,100,0.0,0,0,0,0,40
False,False,False,True,3,200,100,4.141333333333334,0,7,0,0,219
False,False,False,True,3,200,100,4.141333333333334,0,5,0,0,160
False,False,False,True,3,200,100,0.0,0,0,0,0,38
False,False,False,True,3,200,100,0.0,0,0,0,0,42
False,False,False,True,3,200,200,0.0,0,0,0,0,79
False,False,False,True,3,200,200,0.0,0,0,0,0,79
False,False,False,True,3,200,200,4.343333333333334,0,6,0,0,178
False,False,False,True,3,200,200,4.028666666666667,0,5,0,0,325
False,False,False,True,3,200,200,5.238,1,7,0,0,161
False,False,False,True,5,0,0,0.0,0,0,0,0,119
False,False,False,True,5,0,0,8.236666666666666,1,11,0,0,214
False,False,False,True,5,0,0,0.0,0,0,0,0,58
False,False,False,True,5,0,0,4.686,0,8,0,0,206
False,False,False,True,5,0,0,7.3566666666666665,1,5,0,0,233
False,False,False,True,5,0,100,0.0,0,0,0,0,51
False,False,False,True,5,0,100,10.817333333333334,0,7,0,0,455
False,False,False,True,5,0,100,12.562666666666667,1,10,6,0,266
False,False,False,True,5,0,100,0.0,0,0,0,0,55
False,False,False,True,5,0,100,5.751333333333333,0,6,0,0,387
False,False,False,True,5,0,200,8.120666666666667,1,28,15,0,89
False,False,False,True,5,0,200,5.341333333333333,0,8,0,0,193
False,False,False,True,5,0,200,0.0,0,0,0,0,61
False,False,False,True,5,0,200,4.760666666666666,0,9,0,0,170
False,False,False,True,5,0,200,4.491333333333333,0,5,0,0,225
False,False,False,True,5,100,0,0.0,0,0,0,0,46
False,False,False,True,5,100,0,4.191333333333334,0,5,0,0,658
False,False,False,True,5,100,0,4.827333333333334,0,7,0,0,309
False,False,False,True,5,100,0,0.0,0,0,0,0,86
False,False,False,True,5,100,0,0.0,0,0,0,0,136
False,False,False,True,5,100,100,0.0,0,0,0,0,120
False,False,False,True,5,100,100,0.0,0,0,0,0,89
False,False,False,True,5,100,100,4.234666666666667,0,6,0,0,215
False,False,False,True,5,100,100,7.083333333333333,1,28,16,0,56
False,False,False,True,5,100,100,0.0,0,0,0,0,59
False,False,False,True,5,100,200,0.0,0,0,0,0,69
False,False,False,True,5,100,200,0.0,0,0,0,0,117
False,False,False,True,5,100,200,0.0,0,0,0,0,46
False,False,False,True,5,100,200,6.229333333333333,0,7,0,0,511
False,False,False,True,5,100,200,0.0,0,0,0,0,66
False,False,False,True,5,200,0,0.0,0,0,0,0,74
False,False,False,True,5,200,0,0.0,0,0,0,0,73
False,False,False,True,5,200,0,5.942,1,8,0,0,176
False,False,False,True,5,200,0,5.741333333333333,0,7,0,0,201
False,False,False,True,5,200,0,0.0,0,0,0,0,61
False,False,False,True,5,200,100,9.064666666666668,1,28,16,0,73
False,False,False,True,5,200,100,8.406666666666666,1,28,23,0,64
False,False,False,True,5,200,100,4.416,0,5,0,0,198
False,False,False,True,5,200,100,0.0,0,0,0,0,84
False,False,False,True,5,200,100,14.175333333333333,1,10,6,0,331
False,False,False,True,5,200,200,6.293333333333333,1,8,0,0,176
False,False,False,True,5,200,200,5.84,0,7,0,0,199
False,False,False,True,5,200,200,0.0,0,0,0,0,71
False,False,False,True,5,200,200,0.0,0,0,0,0,52
False,False,False,True,5,200,200,0.0,0,0,0,0,52
False,False,False,False,3,0,0,0.0,0,0,0,0,47
False,False,False,False,3,0,0,0.0,0,0,0,0,63
False,False,False,False,3,0,0,0.0,0,0,0,0,62
False,False,False,False,3,0,0,8.692,0,5,0,0,622
False,False,False,False,3,0,0,10.143333333333333,0,7,0,0,522
False,False,False,False,3,0,100,0.0,0,0,0,0,43
False,False,False,False,3,0,100,0.0,0,0,0,0,38
False,False,False,False,3,0,100,4.988666666666667,1,23,12,0,21
False,False,False,False,3,0,100,0.0,0,0,0,0,67
False,False,False,False,3,0,100,0.0,0,0,0,0,59
False,False,False,False,3,0,200,0.0,0,0,0,0,51
False,False,False,False,3,0,200,0.0,0,0,0,0,52
False,False,False,False,3,0,200,9.925333333333333,1,28,16,0,107
False,False,False,False,3,0,200,0.0,0,0,0,0,55
False,False,False,False,3,0,200,0.0,0,0,0,0,66
False,False,False,False,3,100,0,0.0,0,0,0,0,74
False,False,False,False,3,100,0,0.0,0,0,0,0,51
False,False,False,False,3,100,0,0.0,0,0,0,0,58
False,False,False,False,3,100,0,4.3566666666666665,0,6,0,0,185
False,False,False,False,3,100,0,0.0,0,0,0,0,67
False,False,False,False,3,100,100,5.507333333333333,0,10,0,0,191
False,False,False,False,3,100,100,0.0,0,0,0,0,50
False,False,False,False,3,100,100,3.118,0,6,0,0,1000
False,False,False,False,3,100,100,0.0,0,0,0,0,77
False,False,False,False,3,100,100,6.944,1,28,18,0,46
False,False,False,False,3,100,200,0.0,0,0,0,0,56
False,False,False,False,3,100,200,8.123333333333333,1,28,21,0,123
False,False,False,False,3,100,200,0.0,0,0,0,0,56
False,False,False,False,3,100,200,0.0,0,0,0,0,53
False,False,False,False,3,100,200,8.07,1,28,9,0,67
False,False,False,False,3,200,0,0.0,0,0,0,0,45
False,False,False,False,3,200,0,0.0,0,0,0,0,85
False,False,False,False,3,200,0,0.0,0,0,0,0,47
False,False,False,False,3,200,0,9.652,1,7,0,0,241
False,False,False,False,3,200,0,4.434,0,5,0,0,168
False,False,False,False,3,200,100,6.358666666666666,1,21,10,0,166
False,False,False,False,3,200,100,0.0,0,0,0,0,111
False,False,False,False,3,200,100,16.995333333333335,0,7,0,0,811
False,False,False,False,3,200,100,0.0,0,0,0,0,57
False,False,False,False,3,200,100,0.0,0,0,0,0,40
False,False,False,False,3,200,200,0.0,0,0,0,0,77
False,False,False,False,3,200,200,5.974666666666667,1,8,0,0,169
False,False,False,False,3,200,200,4.517333333333333,0,8,0,0,179
False,False,False,False,3,200,200,0.0,0,0,0,0,111
False,False,False,False,3,200,200,0.0,0,0,0,0,138
False,False,False,False,5,0,0,0.0,0,0,0,0,62
False,False,False,False,5,0,0,0.0,0,0,0,0,34
False,False,False,False,5,0,0,0.0,0,0,0,0,69
False,False,False,False,5,0,0,5.176,1,8,0,0,158
False,False,False,False,5,0,0,0.0,0,0,0,0,66
False,False,False,False,5,0,100,0.0,0,0,0,0,39
False,False,False,False,5,0,100,0.0,0,0,0,0,41
False,False,False,False,5,0,100,0.0,0,0,0,0,170
False,False,False,False,5,0,100,0.0,0,0,0,0,44
False,False,False,False,5,0,100,0.0,0,0,0,0,75
False,False,False,False,5,0,200,0.0,0,0,0,0,45
False,False,False,False,5,0,200,0.0,0,0,0,0,69
False,False,False,False,5,0,200,0.0,0,0,0,0,38
False,False,False,False,5,0,200,6.925333333333334,1,8,0,0,185
False,False,False,False,5,0,200,0.0,0,0,0,0,79
False,False,False,False,5,100,0,0.0,0,0,0,0,44
False,False,False,False,5,100,0,7.739333333333334,1,28,12,0,74
False,False,False,False,5,100,0,0.0,0,0,0,0,65
False,False,False,False,5,100,0,6.339333333333333,0,8,0,0,232
False,False,False,False,5,100,0,8.018666666666666,1,28,21,0,75
False,False,False,False,5,100,100,0.0,0,0,0,0,48
False,False,False,False,5,100,100,0.0,0,0,0,0,107
False,False,False,False,5,100,100,4.237333333333333,0,6,0,0,209
False,False,False,False,5,100,100,0.0,0,0,0,0,51
False,False,False,False,5,100,100,4.494666666666666,0,7,0,0,158
False,False,False,False,5,100,200,6.996666666666667,1,7,0,0,220
False,False,False,False,5,100,200,0.0,0,0,0,0,44
False,False,False,False,5,100,200,0.0,0,0,0,0,74
False,False,False,False,5,100,200,4.432666666666667,0,7,0,0,214
False,False,False,False,5,100,200,0.0,0,0,0,0,59
False,False,False,False,5,200,0,10.238,1,28,26,0,97
False,False,False,False,5,200,0,0.0,0,0,0,0,87
False,False,False,False,5,200,0,5.560666666666667,1,8,0,0,171
False,False,False,False,5,200,0,0.0,0,0,0,0,53
False,False,False,False,5,200,0,4.946666666666666,0,5,0,0,174
False,False,False,False,5,200,100,0.0,0,0,0,0,79
False,False,False,False,5,200,100,4.098,0,6,0,0,220
False,False,False,False,5,200,100,0.0,0,0,0,0,50
False,False,False,False,5,200,100,5.286666666666667,1,8,0,0,168
False,False,False,False,5,200,100,4.180666666666666,0,5,0,0,231
False,False,False,False,5,200,200,0.0,0,0,0,0,46
False,False,False,False,5,200,200,4.115333333333333,0,5,0,0,212
False,False,False,False,5,200,200,0.0,0,0,0,0,32
False,False,False,False,5,200,200,0.0,0,0,0,0,51
False,False,False,False,5,200,200,11.578666666666667,1,17,6,0,212
